{"cameraMode":{"drawMode":0,"name":"Shaded","section":"Shading Mode"},"sceneLighting":true,"audioPlay":false,"sceneViewState":{"showFog":true,"showMaterialUpdate":false,"showSkybox":true,"showFlares":true,"showImageEffects":true,"showParticleSystems":true},"in2DMode":false,"pivot":{"x":-0.05374884605407715,"y":0.32462722063064577,"z":-0.11004638671875},"rotation":{"x":0.02077384851872921,"y":0.14584378898143769,"z":-0.0030631718691438438,"w":0.9890850782394409},"size":2.961552619934082,"orthographic":false}