{"cameraMode":{"drawMode":0,"name":"Shaded","section":"Shading Mode"},"sceneLighting":true,"audioPlay":false,"sceneViewState":{"showFog":true,"showMaterialUpdate":false,"showSkybox":true,"showFlares":true,"showImageEffects":true,"showParticleSystems":true},"in2DMode":false,"pivot":{"x":-1.3454711437225342,"y":-0.7300435304641724,"z":-1.6883957386016846},"rotation":{"x":-0.05760567635297775,"y":0.930346667766571,"z":-0.16671012341976167,"w":-0.32147523760795596},"size":1.445887804031372,"orthographic":false}